EmpID,FirstName,LastName,StartDate,ExitDate,Supervisor,ADEmail,EmployeeType,TerminationType,TerminationDescription,DOB,SSN,Address,City,State,JobTitle,Salary,Gender,Race,MaritalStatus,PerformanceScore,CurrentEmployeeRating
3460,Alisa,James,19-Feb-20,,Dennis Henderson,alisa.james@bestremotejob.com,Full-Time,Unk,,3/9/1941,773-40-9255,53432 Jose Freeway Suite 977,New Davidside,IN,IT Support Specialist,79825,Male,Asian,Married,Fully Meets,3
1155,Allyson,Owen,17-Nov-18,12-Mar-20,Kimberly Marshall,allyson.owen@bestremotejob.com,Contract,Resignation,Provide machine statement now.,1/7/1942,201-10-1960,700 Quinn Green Suite 066,Haileyville,MS,Product Specialist,129867,Female,Other,Married,Fully Meets,3
3913,Henry,Zimmerman,14-Jan-20,8-Jun-22,Rodney Hart,henry.zimmerman@bestremotejob.com,Full-Time,Resignation,Management so author training floor stage could.,2/6/1942,137-52-9608,96444 Ingram Ford,East Michellechester,IN,Project Manager,134537,Female,White,Married,Fully Meets,3
1562,Kailee,Harmon,29-Sep-20,19-Oct-21,Thomas Garner,kailee.harmon@bestremotejob.com,Full-Time,Involuntary,Firm music future may most.,4/1/1942,654-40-1229,4222 Cooper Ports,West Marissafort,LA,Sales Representative,50943,Female,Black,Single,Fully Meets,3
1403,Lily,DiNocco,8-Jul-21,,Austin Dixon,lily.dinocco@bestremotejob.com,Full-Time,Unk,,9/8/1942,808-97-2356,8136 Theresa Avenue Suite 172,East Natalie,IN,Account Executive,133284,Female,White,Widowed,Exceeds,3
1735,Rachael,Baczenski,8-Jan-21,14-Jan-23,Cody Scott,rachael.baczenski@bestremotejob.com,Full-Time,Resignation,Along senior personal nature help crime.,11/8/1942,786-29-4509,83202 Ingram Fields,Campbelltown,ME,Senior Engineer,172195,Female,White,Divorced,Fully Meets,3
2300,Wesley,Nguyen,26-Sep-20,,Donna Pope,wesley.nguyen@bestremotejob.com,Full-Time,Unk,,1/1/1943,937-23-1824,58649 Antonio Groves,Seanville,CT,Web Designer,102739,Female,Black,Single,Fully Meets,5
3729,Heaven,Walls,8-Dec-22,4-Jul-23,Natasha Spears,heaven.walls@bestremotejob.com,Contract,Voluntary,Until reason late off training situation.,1/1/1943,250-54-1249,9081 Quinn Turnpike Suite 375,Port Chad,MO,IT Support Specialist,66788,Male,Other,Divorced,Fully Meets,3
3999,Reuben,Davila,17-Apr-19,17-Aug-21,John Henderson,reuben.davila@bestremotejob.com,Full-Time,Involuntary,Ball when check interview score manager.,1/2/1943,651-12-0068,581 Thomas Club,Millerport,WA,Sales Representative,47467,Male,Asian,Single,Exceeds,3
1867,Mauricio,Buchanan,9-Jan-21,17-Aug-21,Natalie Roman,mauricio.buchanan@bestremotejob.com,Full-Time,Involuntary,Apply must visit street.,8/3/1943,913-70-9614,01914 Sweeney Gateway Suite 775,North Stephen,WA,Senior Engineer,171194,Male,Asian,Divorced,Needs Improvement,3
2525,Larry,Novak,15-Sep-21,2-Jul-23,Zachary Higgins,larry.novak@bestremotejob.com,Full-Time,Retirement,Executive might picture speech light.,10/3/1943,734-12-3701,469 Terry Road Apt. 529,Port Tracyfort,ME,Human Resources Manager,125229,Male,Other,Married,Fully Meets,2
3766,Elisa,Henry,2-Feb-19,3-Feb-23,Taylor Morris,elisa.henry@bestremotejob.com,Part-Time,Resignation,Common no sure wonder up although.,10/3/1943,900-88-6796,8501 Darren Plains Suite 394,North Kaitlinstad,HI,Copywriter,108456,Female,Black,Widowed,Fully Meets,3
2462,Lainey,York,9-Jan-20,27-Jan-21,Miranda Webb,lainey.york@bestremotejob.com,Part-Time,Voluntary,Claim serve PM camera else.,1/6/1944,959-87-8118,386 Hoover Lodge Apt. 226,New Christopher,ID,IT Support Specialist,67214,Female,White,Married,Fully Meets,2
3756,Junior,Bridges,24-May-21,,Melissa Hernandez,junior.bridges@bestremotejob.com,Full-Time,Unk,,1/6/1944,142-05-3471,68795 Robert Crossroad Apt. 034,Port Erik,CO,Sales Representative,63508,Female,Hispanic,Married,Fully Meets,3
2005,Laci,Baird,21-Dec-18,16-Nov-22,Glenn Rollins,laci.baird@bestremotejob.com,Part-Time,Retirement,Point himself deep audience upon door too.,5/5/1944,586-60-1607,7385 Potter Knolls,Jesseview,ND,Senior Engineer,181962,Female,Asian,Widowed,Fully Meets,3
2951,Aleena,David,26-May-19,,Louis Griffith,aleena.david@bestremotejob.com,Full-Time,Unk,,7/10/1944,191-72-3331,21056 Benjamin Estates Apt. 672,Byrdborough,HI,Computer Systems Analyst,160875,Female,Black,Widowed,Fully Meets,2
3919,Yaritza,Sherman,6-Jul-23,,Debra Oneal,yaritza.sherman@bestremotejob.com,Contract,Unk,,7/10/1944,482-25-7464,2015 Jason Ramp,Duffyville,WA,Senior Engineer,201343,Female,Asian,Divorced,Fully Meets,3
1380,Solomon,Paul,6-Sep-20,,Mr. Richard Hicks MD,solomon.paul@bestremotejob.com,Part-Time,Unk,,10/2/1944,710-01-7748,156 Brandy Mountain,Port Andrewmouth,NJ,IT Support Specialist,69205,Male,Hispanic,Single,Exceeds,3
3108,Oswaldo,Hanson,22-Oct-21,12-May-22,Julie Hernandez,oswaldo.hanson@bestremotejob.com,Full-Time,Retirement,Perform leader research again term.,10/3/1944,692-53-0059,7381 Fowler Summit Apt. 286,Jordanfurt,MD,IT Support Specialist,61980,Female,Hispanic,Married,Fully Meets,2
2049,Corinne,Navarro,6-Oct-20,,Thomas Richard,corinne.navarro@bestremotejob.com,Contract,Unk,,3/10/1945,140-94-5553,7282 John Shore,Port Daltonfurt,VI,Logistics Manager,149497,Female,Asian,Widowed,Fully Meets,3
3632,Ryan,Oconnell,24-Sep-22,24-Oct-22,Bridget Jones,ryan.oconnell@bestremotejob.com,Contract,Involuntary,Realize work series fact weight contain.,3/10/1945,650-27-3613,5215 Barajas Junction Apt. 631,Jacquelinestad,CT,Quality Engineer,122878,Male,Asian,Married,Fully Meets,3
3997,Carmen,Frost,16-Jul-19,,Jordan George,carmen.frost@bestremotejob.com,Contract,Unk,,2/12/1946,315-15-8118,9675 Leonard Burgs,Lake Daniel,PW,Project Manager,135464,Male,Black,Single,Needs Improvement,3
3098,Rayne,Chambers,18-Aug-21,,Melvin Dean,rayne.chambers@bestremotejob.com,Full-Time,Unk,,8/12/1946,579-00-8020,3142 Warren Ways Suite 831,Yatesside,LA,Project Manager,137729,Male,Black,Widowed,Fully Meets,4
3995,Cortez,Murillo,15-Jul-19,1-Jun-21,Stuart White,cortez.murillo@bestremotejob.com,Full-Time,Resignation,Or break sea say owner. Often guy local.,8/12/1946,716-14-1083,882 Walters Pike,Lake Blake,DC,Customer Service Representative,86851,Female,Black,Widowed,Exceeds,3
3020,Lincoln,Brady,25-Jul-23,,Paula Perez,lincoln.brady@bestremotejob.com,Part-Time,Unk,,11/11/1946,405-62-1818,440 Barajas Cliffs Suite 741,East Robertburgh,AZ,Web Designer,81817,Male,Black,Widowed,PIP,2
3954,Denisse,Hayes,18-Oct-21,,Gerald Carey,denisse.hayes@bestremotejob.com,Full-Time,Unk,,11/11/1946,200-91-0348,57365 Carmen Key Suite 417,Port Tyronestad,NC,Account Executive,151081,Female,Hispanic,Married,Fully Meets,3
2415,Raelynn,Lara,8-Feb-21,23-Aug-22,Steven Drake,raelynn.lara@bestremotejob.com,Full-Time,Involuntary,Strategy kind particular unit need.,11/12/1946,369-92-1012,702 Barnes Square,South Jeffrey,CT,Project Manager,134405,Female,White,Married,Fully Meets,4
3737,Arielle,Escobar,19-Nov-18,,John Hill,arielle.escobar@bestremotejob.com,Part-Time,Unk,,11/12/1946,993-87-3887,5552 Stacey Stream Apt. 324,North Mariemouth,DC,Social Media Manager,83616,Male,Hispanic,Divorced,Fully Meets,5
2787,Caden,Taylor,22-Apr-21,,Jonathan Williams,caden.taylor@bestremotejob.com,Contract,Unk,,12/1/1946,847-32-5027,9587 Catherine Center Apt. 846,South Kaylaberg,PA,IT Support Specialist,67155,Female,White,Divorced,Fully Meets,4
3836,Marcos,Petty,13-Aug-21,,Heather Farmer,marcos.petty@bestremotejob.com,Contract,Unk,,12/1/1946,907-59-5904,32445 Cynthia Parkways,Warrenville,PW,Quality Control Specialist,133551,Male,Black,Single,Fully Meets,3
3960,Andreas,Torres,11-Aug-18,,Guy Hansen,andreas.torres@bestremotejob.com,Part-Time,Unk,,5/4/1947,101-82-5655,9336 John Square,Josephshire,RI,Strategic Sourcing Specialist,132930,Male,White,Married,Fully Meets,3
3296,Isis,Brooks,7-Jan-19,8-Oct-19,Michael Palmer,isis.brooks@bestremotejob.com,Part-Time,Voluntary,Maybe despite performance rather evidence.,5/5/1947,948-37-7098,46802 Tran Row Suite 738,North Justinside,OR,Computer Systems Analyst,144427,Male,White,Married,PIP,2
1056,Desmond,Anderson,18-Nov-21,,Kari Bishop,desmond.anderson@bestremotejob.com,Contract,Unk,,5/7/1947,384-19-2842,95961 Taylor Circles Apt. 169,East Ashleyborough,IN,Computer Systems Analyst,137375,Male,Hispanic,Widowed,Fully Meets,3
1353,Noe,Mann,15-Sep-20,6-Jan-22,Felicia Bailey,noe.mann@bestremotejob.com,Part-Time,Involuntary,Will message south game.,7/1/1947,365-11-5343,331 James Springs,Gibbsburgh,MH,Sales Representative,50875,Male,White,Single,Fully Meets,3
2262,Shane,Harper,17-Mar-19,,Andrea Clark,shane.harper@bestremotejob.com,Contract,Unk,,8/7/1947,887-25-0950,45106 Lopez Walk,Kennethberg,MP,Web Designer,100370,Female,Other,Divorced,Fully Meets,2
3719,Cannon,Hester,22-Jul-22,,David Ward,cannon.hester@bestremotejob.com,Contract,Unk,,8/7/1947,254-98-6594,45630 Steven Trail Suite 455,Port Catherinebury,LA,Sales Representative,49819,Female,Hispanic,Divorced,Fully Meets,3
3452,Jaydon,Blackburn,8-Nov-22,,Debbie Crosby,jaydon.blackburn@bestremotejob.com,Part-Time,Unk,,9/3/1947,351-92-9852,379 Hughes Ville,Christopherburgh,MN,Legal Assistant,65807,Male,Black,Divorced,Fully Meets,2
1668,Taniyah,Mcmillan,10-Jul-23,,Eric Mcclain,taniyah.mcmillan@bestremotejob.com,Part-Time,Unk,,1/3/1948,764-27-7611,908 Vasquez Knolls,Kathleenview,AK,IT Support Specialist,82269,Male,Black,Single,Fully Meets,3
1194,Gabrielle,Hardy,14-Jan-19,6-Aug-21,Christopher Levy,gabrielle.hardy@bestremotejob.com,Full-Time,Resignation,Tonight answer benefit second commercial law.,6/4/1948,671-94-2235,527 Jamie Viaduct,Christopherberg,CT,IT Support Specialist,56031,Male,Asian,Widowed,Fully Meets,3
1940,Dario,Shaw,28-May-23,,Stephanie Kerr,dario.shaw@bestremotejob.com,Contract,Unk,,9/3/1948,499-15-3708,743 Joseph Lakes Apt. 318,Francisburgh,PW,Financial Analyst,115418,Female,Asian,Widowed,Fully Meets,3
3898,Anaya,Preston,14-Dec-18,11-Feb-23,Denise Oconnor,anaya.preston@bestremotejob.com,Part-Time,Retirement,Cut during return could hit view born present.,11/7/1948,273-35-2963,44636 John Square Suite 642,New Alanbury,MD,Computer Systems Analyst,138549,Male,Asian,Single,Fully Meets,3
1145,Autumn,Barrera,24-Sep-20,,David Moore,autumn.barrera@bestremotejob.com,Contract,Unk,,3/4/1949,379-65-8306,037 Quinn Route,Garrisonmouth,CA,Computer Systems Analyst,138747,Male,Hispanic,Married,Fully Meets,3
3618,Charlee,Roth,4-Feb-23,,Erin Harris,charlee.roth@bestremotejob.com,Part-Time,Unk,,4/12/1949,921-45-2245,527 Ashley Manor,South Crystal,NE,Customer Service Representative,84826,Male,Black,Married,Fully Meets,3
3473,Chaim,Mata,29-Jun-23,,Desiree Vang,chaim.mata@bestremotejob.com,Part-Time,Unk,,7/3/1949,889-42-7505,124 York Bridge Apt. 090,Jamesborough,IN,Project Manager,150292,Male,Hispanic,Widowed,Exceeds,2
1744,Mei,Trang,24-Jul-22,,Teresa Murray,mei.trang@bestremotejob.com,Full-Time,Unk,,7/5/1949,139-36-9222,1058 Mark Highway,Lake Maryland,NM,IT Support Specialist,59771,Female,Hispanic,Married,Fully Meets,3
1939,Angelina,Peck,6-Jun-19,,Michele Riddle,angelina.peck@bestremotejob.com,Contract,Unk,,7/10/1949,245-34-2333,1557 Moore Mountains Apt. 077,Millertown,AK,Warehouse Driver,69103,Female,Asian,Married,Fully Meets,3
2506,Trey,Johnston,30-Jun-22,,Jacob Robinson,trey.johnston@bestremotejob.com,Full-Time,Unk,,11/5/1949,661-80-6044,6183 Robert Circles,North Jacob,WV,Sales Representative,71273,Male,White,Single,Fully Meets,5
3762,Gavyn,Riggs,18-Jul-20,,Lauren Villarreal,gavyn.riggs@bestremotejob.com,Part-Time,Unk,,11/5/1949,210-99-4059,63871 Camacho Glen Apt. 556,Richardberg,MI,Warehouse Driver,67184,Female,Black,Divorced,Fully Meets,2
1184,Patrick,Mckinney,10-Jan-22,11-May-23,Cassandra Cox,patrick.mckinney@bestremotejob.com,Full-Time,Involuntary,New out peace director fish.,11/11/1949,776-55-1246,4469 Holt Divide Suite 740,Hahnberg,AZ,IT Support Specialist,57544,Female,Hispanic,Divorced,Fully Meets,3
1910,Adrian,Murray,5-Jan-19,,Jose Gomez,adrian.murray@bestremotejob.com,Full-Time,Unk,,11/11/1949,303-32-0884,62145 Collier Wells,Jasmineside,NE,Administrative Assistant,61422,Female,Hispanic,Divorced,Fully Meets,3
1417,Paisley,Avery,30-Mar-21,,Bobby Martinez,paisley.avery@bestremotejob.com,Full-Time,Unk,,1/10/1950,177-24-4547,168 Chris Roads Suite 459,Harveyport,OH,Project Manager,124690,Female,Other,Single,Exceeds,3
3952,Kramer,Simard,13-Mar-21,,Donna Young,kramer.simard@bestremotejob.com,Full-Time,Unk,,1/11/1950,712-30-7209,1552 Klein Shoals,New Dawnstad,LA,Customer Service Representative,90703,Male,Black,Single,Fully Meets,3
2750,Patrick,Moran,4-Jun-22,,Timothy Roman,patrick.moran@bestremotejob.com,Full-Time,Unk,,7/3/1950,876-03-4675,5102 Drew Street Apt. 317,Wilkinsville,AS,Web Designer,80150,Male,Asian,Divorced,Fully Meets,4
3831,Payton,Cross,14-Sep-18,,John Holt,payton.cross@bestremotejob.com,Part-Time,Unk,,7/3/1950,451-45-0405,64132 Savage Land,Guerreroburgh,FL,Web Designer,107323,Female,Hispanic,Divorced,Needs Improvement,3
1067,Gavin,Frye,14-Nov-20,,Carla Cox,gavin.frye@bestremotejob.com,Part-Time,Unk,,7/11/1950,710-11-9343,3030 Bell Islands,Boonefort,NC,Technical Writer,104004,Female,White,Married,Fully Meets,3
1002,Sandra,Martin,12-Dec-22,28-May-23,Angela Hayes,sandra.martin@bestremotejob.com,Part-Time,Involuntary,Behind buy our of very claim.,8/7/1950,989-68-1913,597 Smith Point,Hollandfort,NV,Account Executive,156395,Female,Asian,Widowed,Fully Meets,3
3394,Harley,Beard,24-May-21,,Meghan Green,harley.beard@bestremotejob.com,Contract,Unk,,8/10/1950,340-73-1854,4620 Bird Mills,North Derrickshire,IN,Account Executive,168163,Male,Black,Divorced,Fully Meets,2
3032,Cristofer,Schwartz,27-Mar-23,23-Jul-23,Maria Hall,cristofer.schwartz@bestremotejob.com,Part-Time,Voluntary,Market effect Mrs owner.,8/11/1950,111-60-2499,277 Erica Extensions Suite 175,Jaclynborough,OK,IT Support Specialist,70099,Male,Asian,Married,Fully Meets,2
3970,Macy,Webster,4-Oct-20,27-Apr-23,Cynthia Gardner,macy.webster@bestremotejob.com,Part-Time,Voluntary,Push reflect pay similar movement others morning.,8/11/1950,774-42-1672,89014 Charles Via,Kennedyview,WI,Budget/Accounting Analyst,107433,Female,Other,Married,Exceeds,3
2621,Laura,Bullock,14-Sep-18,,Mr. Benjamin Lucas,laura.bullock@bestremotejob.com,Part-Time,Unk,,9/12/1950,343-39-2596,9043 Johnny Rapids,New Joshuaport,RI,IT Support Specialist,65994,Male,White,Single,Fully Meets,2
3800,Amya,Grant,11-Jul-19,,Jamie Henderson,amya.grant@bestremotejob.com,Contract,Unk,,9/12/1950,881-07-8651,7885 Bradley Junctions,Smithside,NJ,IT Support Specialist,65621,Male,Other,Married,Fully Meets,3
2828,Jaydon,Lambert,15-Oct-21,26-Mar-23,Dennis Foster,jaydon.lambert@bestremotejob.com,Full-Time,Retirement,Camera parent choose add edge product keep.,2/7/1951,719-42-7359,23206 Daniels Unions Apt. 795,Mooretown,SC,IT Support Specialist,68705,Female,Black,Single,Fully Meets,2
3858,Bailey,Humphrey,22-Jan-22,,Gerald Yu,bailey.humphrey@bestremotejob.com,Full-Time,Unk,,2/7/1951,653-49-7747,351 Justin Center,West Michael,PR,Computer Systems Analyst,153373,Male,Other,Married,Fully Meets,3
1906,Bryce,Mills,22-Feb-21,,Holly Hudson,bryce.mills@bestremotejob.com,Part-Time,Unk,,2/8/1951,689-77-6930,0516 Norris Pine,New Julieville,TN,IT Support Specialist,83212,Male,Hispanic,Widowed,Fully Meets,3
3942,Bianca,Roehrich,4-Nov-18,22-Dec-21,Brian Gamble MD,bianca.roehrich@bestremotejob.com,Contract,Resignation,Begin mind time similar night travel.,4/9/1951,472-25-1454,7497 Rios Place Suite 229,Saraberg,MT,Senior Sales Associate,73394,Female,Asian,Married,PIP,3
1236,Ramon,Goodwin,25-Nov-18,25-Jul-19,Tina Morgan,ramon.goodwin@bestremotejob.com,Part-Time,Retirement,Source join scientist personal when each.,6/11/1951,195-34-7350,621 Mitchell Glen Apt. 704,Leehaven,WV,Web Designer,102003,Female,White,Married,Fully Meets,3
3148,Gustavo,Durham,28-May-20,14-Dec-21,Adrienne Barnett,gustavo.durham@bestremotejob.com,Full-Time,Voluntary,Draw health deal.,8/4/1951,167-02-2715,190 Mccoy Square Apt. 861,Port Amy,NV,Project Manager,130932,Male,White,Single,Exceeds,2
3739,Amir,Melendez,24-Aug-18,22-Mar-21,Rachel Pham,amir.melendez@bestremotejob.com,Full-Time,Voluntary,Themselves specific seem want seek hospital.,9/3/1951,314-89-5073,030 Pratt Causeway Suite 728,Lake Ericaview,HI,Sales Representative,66881,Female,Asian,Divorced,Fully Meets,3
1920,Darius,Duke,26-Jan-21,6-Aug-21,Mary Morgan,darius.duke@bestremotejob.com,Full-Time,Retirement,Avoid song interview them class.,2/3/1952,874-22-2718,9683 Houston Alley,Lake Bobbytown,GU,Digital Marketing Manager,152167,Female,Hispanic,Widowed,Fully Meets,3
3517,Milagros,Francis,19-Feb-20,,Caleb Schneider,milagros.francis@bestremotejob.com,Part-Time,Unk,,8/4/1952,104-20-7528,70888 Christian Lights,Wademouth,NM,Product Specialist,129508,Male,Hispanic,Widowed,Fully Meets,4
1479,Blaine,Rose,6-Jan-21,,Sandra Blackwell,blaine.rose@bestremotejob.com,Part-Time,Unk,,2/5/1953,786-75-0952,6417 Yoder Summit Apt. 056,Mayoside,DE,Technical Writer,119281,Female,White,Married,Exceeds,3
2758,Jonathan R,LeBel,20-Dec-18,13-Jun-23,James Austin,jonathan r.lebel@bestremotejob.com,Part-Time,Involuntary,Difference require discuss.,12/5/1953,933-39-4024,6181 Hall Land,Gregoryside,PR,Customer Service Representative,88755,Male,Other,Divorced,Fully Meets,2
3833,Elise,Vazquez,26-Jan-22,2-Nov-22,Melissa Baker,elise.vazquez@bestremotejob.com,Full-Time,Retirement,Partner discover size agency alone.,12/5/1953,165-60-6278,684 Oconnor Isle Apt. 952,East Williamport,FM,Customer Service Representative,92506,Male,Asian,Single,PIP,3
2382,Davion,Friedman,17-Jul-23,28-Jul-23,Mark Wood,davion.friedman@bestremotejob.com,Part-Time,Involuntary,Light free he rest thought.,3/7/1954,111-13-8641,81160 Carrie Plaza Suite 570,North Stevenburgh,MD,Project Manager,123292,Male,Asian,Single,Fully Meets,1
3732,Orion,Ochoa,31-May-20,,Charles Hoover,orion.ochoa@bestremotejob.com,Part-Time,Unk,,3/7/1954,494-99-5599,910 Gabriela Village,Nicolebury,GA,Senior Engineer,176574,Male,Black,Widowed,Fully Meets,5
2146,Frankie,Franklin,25-Dec-19,4-Jun-23,Jerry Peters,frankie.franklin@bestremotejob.com,Full-Time,Resignation,Line close that rich.,3/8/1954,131-04-1849,8328 Sandoval Canyon,Scottville,DE,IT Support Specialist,57191,Female,Other,Divorced,Exceeds,2
3684,Noelle,Levy,1-Dec-19,25-Dec-22,Robert Simmons,noelle.levy@bestremotejob.com,Contract,Involuntary,Scientist believe edge imagine push bit fast.,3/8/1954,186-48-7367,664 Jennifer Mission Suite 103,Spencerville,CA,Quality Engineer,113677,Male,Hispanic,Widowed,Fully Meets,3
1673,Titus,Lowe,21-Aug-19,,April Gallagher,titus.lowe@bestremotejob.com,Part-Time,Unk,,4/7/1954,120-64-8861,508 Freeman Creek,Freemanbury,ND,Web Designer,104306,Female,Other,Widowed,Fully Meets,3
3175,Raphael,Whitney,23-Jul-23,1-Aug-23,Richard Cox,raphael.whitney@bestremotejob.com,Full-Time,Voluntary,Foreign friend policy green.,6/11/1954,694-40-8407,89367 Aimee Plains,Hartmanmouth,LA,Procurement Manager,128790,Female,Asian,Single,Fully Meets,1
2439,Cordell,Vazquez,21-Aug-21,,Paula Henderson,cordell.vazquez@bestremotejob.com,Contract,Unk,,12/10/1954,633-91-8688,545 Jennifer Expressway,Lake Laurieborough,MH,Account Executive,149559,Female,White,Single,Fully Meets,5
3049,Carlie,Wagner,2-Jul-23,25-Jul-23,Joshua Diaz,carlie.wagner@bestremotejob.com,Part-Time,Involuntary,Congress foot television team.,7/6/1955,297-65-2221,52238 Schmidt Passage Suite 203,Sandraburgh,MP,Customer Service Representative,85966,Female,Asian,Married,Fully Meets,4
3581,Ross,Strickland,20-Nov-20,1-May-23,Paul Walker,ross.strickland@bestremotejob.com,Full-Time,Voluntary,Memory high then mind concern carry level life.,11/12/1955,873-21-7929,4969 Paul Lock Apt. 228,Crystalborough,TX,Senior Engineer,178144,Male,Other,Divorced,Fully Meets,2
2131,Kaiya,Marsh,6-Jun-20,12-Mar-22,John Harvey,kaiya.marsh@bestremotejob.com,Part-Time,Resignation,Dream enough treatment knowledge area.,6/1/1956,634-86-4971,41501 Wagner Parks Apt. 574,Sanchezbury,SC,Customer Service Representative,71705,Female,Black,Widowed,Needs Improvement,4
1032,Kiley,Haynes,19-Apr-22,26-Aug-22,Dominique Bailey,kiley.haynes@bestremotejob.com,Full-Time,Voluntary,Off part culture choose strong public.,8/3/1956,620-48-3695,442 Lewis Mount,Youngfurt,GA,Product Manager,122862,Male,Asian,Widowed,Fully Meets,3
2675,Kayden,Fernandez,29-Nov-20,16-Jul-22,Monica Miller,kayden.fernandez@bestremotejob.com,Part-Time,Resignation,Board up meet away firm yet human find.,10/8/1956,113-82-4239,2313 Thomas Shoal Apt. 427,Bruceville,OR,Senior Engineer,184689,Male,Hispanic,Divorced,Fully Meets,5
2749,Elizabeth,Meads,15-Nov-18,19-Nov-18,Matthew Wilcox,elizabeth.meads@bestremotejob.com,Full-Time,Retirement,He PM simply interesting.,12/3/1956,466-06-3934,7431 Nichole Bypass,Nicoleborough,NV,Web Designer,99229,Female,Black,Widowed,Fully Meets,5
3604,Kane,Owen,16-Jan-19,31-Aug-22,Mark Hale,kane.owen@bestremotejob.com,Part-Time,Resignation,Sometimes surface page stand area.,4/10/1957,218-96-9682,6335 Sara Pines,East Danielview,AL,IT Support Specialist,74727,Female,Hispanic,Divorced,Needs Improvement,4
1168,Melody,Rollins,19-Jan-23,,Mark Ellis,melody.rollins@bestremotejob.com,Contract,Unk,,7/3/1957,458-88-6836,611 Thomas Dam Suite 296,East Melinda,OH,Product Manager,134040,Female,White,Married,Fully Meets,3
1429,Deven,Vincent,22-Nov-19,12-Mar-22,Lisa Spencer,deven.vincent@bestremotejob.com,Contract,Resignation,History avoid music new teach south only require.,10/10/1957,117-61-2169,4028 Victoria Trace Suite 510,Camachostad,KY,Computer Systems Analyst,167389,Female,Hispanic,Divorced,Exceeds,3
3068,Alana,Nunez,22-May-22,8-Dec-22,Rose Johnson,alana.nunez@bestremotejob.com,Full-Time,Resignation,Seat type month.,12/6/1957,697-04-4403,9946 Deborah Plains Apt. 186,Port Anthony,GU,Customer Service Representative,73857,Male,Asian,Single,Fully Meets,5
3553,Khalil,Mendez,20-Jan-20,,Regina Martinez,khalil.mendez@bestremotejob.com,Contract,Unk,,1/10/1958,635-64-4540,66950 Michelle Locks,South Carolynfort,NC,Senior Engineer,170152,Male,Black,Divorced,Fully Meets,4
1560,Aron,Graham,20-Dec-21,2-Dec-22,Tyler Jackson,aron.graham@bestremotejob.com,Full-Time,Retirement,Sea people east bar indicate garden along.,3/1/1958,510-64-8853,814 Freeman Run,Lake Juan,IA,Project Manager,125477,Male,Other,Divorced,Fully Meets,3
3169,Cristian,Ritter,8-Jun-19,29-Jan-21,Jade Howell,cristian.ritter@bestremotejob.com,Part-Time,Resignation,Find by campaign. Bit oil show cultural up smile.,8/4/1958,565-27-6735,5410 Burton Station,Alyssaland,TX,Safety Technician,104725,Female,Other,Single,Exceeds,4
2909,Nancy,Barrett,28-Mar-19,,Michael Kim,nancy.barrett@bestremotejob.com,Full-Time,Unk,,8/6/1958,333-20-6089,815 Grace Oval Suite 883,West Michael,IA,Customer Service Representative,72524,Female,Hispanic,Single,Needs Improvement,1
2662,Cody,Bates,2-Feb-21,,Brittney Young,cody.bates@bestremotejob.com,Contract,Unk,,11/3/1958,215-52-3252,6713 Olivia Fork,North Wendy,MO,Product Specialist,118960,Male,Asian,Single,Fully Meets,2
2904,Marquis,Atkinson,15-Feb-20,20-Oct-20,William Livingston,marquis.atkinson@bestremotejob.com,Full-Time,Retirement,Feel individual dog in sort product.,2/3/1959,742-01-4333,44687 Taylor Roads Suite 944,New Angie,AZ,IT Support Specialist,83049,Female,Other,Widowed,Exceeds,4
1764,Donavan,Chavez,17-Jan-23,,Robert Rios,donavan.chavez@bestremotejob.com,Full-Time,Unk,,4/6/1959,533-81-4821,392 Daniel Parkways Suite 034,Jessicaview,WI,Product Specialist,117687,Female,Black,Married,Fully Meets,3
2844,Litzy,Lloyd,30-Dec-20,25-Jul-23,Anthony Saunders,litzy.lloyd@bestremotejob.com,Contract,Retirement,Process firm life from final medical.,9/11/1959,361-88-0505,13317 Tiffany Locks Suite 582,East Martinfurt,WA,Office Assistant,83251,Male,Asian,Widowed,Fully Meets,5
2647,Rylan,Key,9-Jan-19,,Lisa Johnson,rylan.key@bestremotejob.com,Contract,Unk,,10/10/1959,514-40-5567,203 Johnson Plaza Suite 049,Josephborough,HI,IT Support Specialist,63159,Male,Hispanic,Single,Fully Meets,5
2124,Spencer,Hicks,21-Feb-23,9-Jul-23,Kristin Lee,spencer.hicks@bestremotejob.com,Contract,Voluntary,New serve test what conference management.,4/2/1960,181-84-1025,0131 Gregory Corners Apt. 815,North Williamland,MN,Sales Representative,60217,Female,White,Single,Exceeds,2
2900,Katelyn,Garner,31-Oct-21,12-Jul-23,Christine Owens,katelyn.garner@bestremotejob.com,Part-Time,Resignation,Bar poor finish culture movie despite.,4/7/1960,732-07-3945,05416 Alvarez Corners,New Charlesview,MI,Technical Writer,114338,Male,White,Widowed,Exceeds,2
1759,Jose,Houston,23-Jan-21,23-Oct-22,Patricia Newman,jose.houston@bestremotejob.com,Contract,Retirement,Benefit turn that with well may former if.,6/6/1960,219-76-6050,05460 Laura Ford Apt. 015,Phillipstown,TN,Human Resources Assistant,80616,Male,White,Married,Fully Meets,3
3060,Marcelo,Galvan,29-Aug-20,,Patrick Martinez,marcelo.galvan@bestremotejob.com,Part-Time,Unk,,7/2/1960,465-43-2430,78453 Parker Fort Suite 489,New Ryanstad,WI,Account Executive,142243,Male,Asian,Widowed,Fully Meets,2
2501,Joy,Sellers,25-Dec-22,,Jennifer Graves,joy.sellers@bestremotejob.com,Full-Time,Unk,,12/2/1960,656-15-0144,43124 Duncan Park,Meyerview,MA,Senior Engineer,209442,Male,Black,Divorced,Fully Meets,2
2788,Brooks,Leach,3-Jun-23,14-Jul-23,Edward Navarro,brooks.leach@bestremotejob.com,Contract,Involuntary,Program deal run.,2/6/1961,721-53-9787,95980 Barnett Forest Apt. 889,North Jenniferport,MS,Facilities Director,151027,Female,Black,Widowed,Fully Meets,1
3357,Sidney,Hooper,30-Aug-22,,Kevin Fitzgerald,sidney.hooper@bestremotejob.com,Full-Time,Unk,,4/5/1961,509-21-8164,651 Tara Club,Lake Louisfurt,VI,Senior Engineer,199344,Male,Asian,Married,Exceeds,1
2958,Ulises,Herring,1-Jun-20,,Dennis Simpson,ulises.herring@bestremotejob.com,Contract,Unk,,4/11/1961,391-24-9179,582 Juarez Heights,North Barbaraborough,FM,Social Media Manager,99300,Male,Black,Divorced,Fully Meets,4
1026,Alexis,Moss,3-Nov-22,9-Feb-23,Benjamin Frederick,alexis.moss@bestremotejob.com,Contract,Resignation,Where forward evening huge cost share eat.,4/12/1961,529-05-1745,5940 Barr Villages Suite 075,Dianaland,TX,Web Designer,82490,Female,Other,Widowed,Fully Meets,3
2762,Carla,Demita,27-Jun-21,2-Jan-22,Cheryl Cole,carla.demita@bestremotejob.com,Part-Time,Resignation,Stock avoid company tend tell success.,11/7/1961,968-95-4737,23843 Steven Spring,Flynnmouth,ND,Computer Systems Analyst,158769,Female,Asian,Single,Fully Meets,4
3589,Giovani,Roy,25-Apr-19,,Jay Bush,giovani.roy@bestremotejob.com,Contract,Unk,,4/8/1962,850-22-9886,03554 Cassandra Forks,East Alyssaborough,NY,Marketing Manager,136507,Male,White,Single,Fully Meets,1
3322,Roland,Berg,31-Jul-20,27-Sep-22,Kathleen Bowen,roland.berg@bestremotejob.com,Part-Time,Voluntary,Different down happen near impact.,6/4/1962,565-18-0663,150 Brian Center Apt. 511,Sydneyville,DC,Product Specialist,137407,Male,White,Single,Fully Meets,4
1410,Ashanti,Price,25-Feb-22,28-Apr-23,Tina Griffin,ashanti.price@bestremotejob.com,Contract,Resignation,Else behind none grow up significant behavior.,7/1/1962,538-11-0771,5254 Murray Parkway Suite 484,Farrellland,ID,Web Designer,89902,Female,White,Widowed,Exceeds,3
2552,Jalen,Jennings,21-Jan-23,,Nathan Vazquez,jalen.jennings@bestremotejob.com,Full-Time,Unk,,11/4/1962,574-25-2315,03546 Crystal Place,Port Tiffany,CO,Computer Systems Analyst,131154,Male,White,Single,Fully Meets,5
2592,Rubi,Shields,15-Oct-20,,Martin Shelton,rubi.shields@bestremotejob.com,Contract,Unk,,11/12/1962,834-23-7206,7141 Beth Parkways,Lake Christopher,MD,Web Designer,109913,Male,Asian,Single,Fully Meets,2
1572,Chance,Warner,28-Sep-21,9-Oct-22,Julie Porter,chance.warner@bestremotejob.com,Part-Time,Resignation,Simple over long.,1/3/1963,669-75-5429,079 Jane Crossing,Port Rickyfort,WI,Customer Service Representative,97662,Female,Black,Married,Fully Meets,3
3241,Lana,Vega,15-May-22,,Jessica Lawson,lana.vega@bestremotejob.com,Part-Time,Unk,,3/4/1963,690-15-8303,5619 Li Key,Millerville,NH,Project Manager,121610,Female,White,Divorced,Fully Meets,1
2843,Manuel,Haley,22-Nov-21,,Raymond Johnson,manuel.haley@bestremotejob.com,Full-Time,Unk,,3/10/1963,205-63-3347,31486 Vega Junctions Apt. 739,New Barbara,RI,Senior Engineer,199938,Male,Black,Married,Fully Meets,1
1792,Sawyer,Oliver,21-May-19,,Brittany Olson,sawyer.oliver@bestremotejob.com,Full-Time,Unk,,5/10/1963,981-51-4937,7189 Timothy Corner Apt. 711,South Justin,GU,Human Resources Assistant,73773,Male,Black,Divorced,Fully Meets,3
3436,Joseph,Martins,21-Jan-22,29-Jun-23,George Jenkins,joseph.martins@bestremotejob.com,Part-Time,Resignation,Summer personal bag.,7/7/1963,758-11-8375,054 Klein Lane,Anthonyfort,CT,Computer Operator,75819,Male,Asian,Widowed,Fully Meets,5
2405,Emily,Davidson,13-Sep-20,15-Mar-22,Jackie Walsh,emily.davidson@bestremotejob.com,Full-Time,Involuntary,Your never oil finally public major shake they.,11/7/1963,249-34-3997,29152 Riley Branch,Wardport,NY,IT Support Specialist,64821,Male,White,Divorced,Fully Meets,4
3338,Aspen,Underwood,15-Nov-19,,David Spears,aspen.underwood@bestremotejob.com,Contract,Unk,,3/2/1964,898-90-2739,3237 Joseph Vista,New Matthewview,TX,Project Manager,147932,Female,Hispanic,Divorced,Fully Meets,3
2942,Eliana,Hammond,30-May-19,8-Jan-20,Susan Herrera,eliana.hammond@bestremotejob.com,Full-Time,Retirement,Answer today entire deep.,11/7/1964,528-58-7426,053 Martinez Highway Suite 567,New Nathanland,WY,IT Support Specialist,78392,Female,Black,Widowed,Needs Improvement,2
3087,Corinne,Campos,3-Jul-23,,Duane Kelly,corinne.campos@bestremotejob.com,Contract,Unk,,12/4/1964,691-87-2726,8738 Rivera Circles Apt. 065,Lake Jamesfort,WI,Senior Engineer,192213,Female,Black,Married,Fully Meets,4
2040,Brynlee,Crawford,5-Dec-21,26-Jun-23,Eric Walton,brynlee.crawford@bestremotejob.com,Contract,Involuntary,Impact central buy top section.,7/5/1965,213-09-9585,547 Barnes Lake,Rodriguezmouth,DC,Account Executive,150496,Female,Other,Divorced,Fully Meets,3
2301,Lauren,Keith,12-Feb-21,3-Aug-22,Peter Williams,lauren.keith@bestremotejob.com,Part-Time,Voluntary,Join executive spend speak many sometimes.,8/12/1965,284-96-9688,995 Daniel Lake,Brandonbury,VI,IT Support Specialist,64282,Female,Asian,Single,Fully Meets,1
1816,Jamari,Dunn,28-Aug-20,,Ronald Castro,jamari.dunn@bestremotejob.com,Contract,Unk,,2/9/1966,282-49-7723,2502 Rollins Haven Apt. 823,Nicolestad,MO,Account Coordinator,77478,Female,Other,Single,Fully Meets,3
2536,Alfred,Rivas,31-Dec-22,,Randy Thomas,alfred.rivas@bestremotejob.com,Contract,Unk,,5/2/1966,179-08-1420,13249 Jeremy Haven Suite 386,Nathantown,ND,Sales Representative,57003,Male,Hispanic,Married,Fully Meets,2
2866,Jadon,Mata,16-Nov-21,,Danielle Rangel,jadon.mata@bestremotejob.com,Part-Time,Unk,,8/1/1966,106-56-7666,8358 Adams Isle Apt. 497,Edwardsmouth,WY,IT Support Specialist,70658,Female,Hispanic,Single,Fully Meets,2
1626,Katie,Roper,17-Sep-20,8-Jun-21,William Green,katie.roper@bestremotejob.com,Full-Time,Resignation,To national third with give law live.,12/11/1966,702-75-4496,4589 Brittany Grove Suite 096,Gomeztown,MH,Sales Representative,54474,Female,Other,Married,Needs Improvement,3
1413,Ann,Montgomery,27-Sep-19,8-Feb-23,Maria Payne,ann.montgomery@bestremotejob.com,Part-Time,Retirement,Daughter case most. Even most man even.,3/1/1967,923-85-2453,10514 Long Ports Apt. 727,Port Daniel,OR,Web Designer,80740,Male,Black,Widowed,Needs Improvement,3
2275,Michael,Albert,25-Jan-22,,Daniel Garcia,michael.albert@bestremotejob.com,Part-Time,Unk,,7/2/1967,685-03-7517,970 Greg Corners,West Hannah,MP,Computer Systems Analyst,139878,Male,Asian,Married,Fully Meets,2
2093,Carlee,Lang,8-Sep-20,24-Aug-22,Harold Mccullough,carlee.lang@bestremotejob.com,Contract,Resignation,Opportunity place deal.,1/1/1968,911-44-1056,54234 Blevins Stream,West Phillipborough,AL,IT Support Specialist,70398,Female,Hispanic,Married,Fully Meets,3
2116,Stanley,Bowen,21-Aug-21,,David Cook,stanley.bowen@bestremotejob.com,Part-Time,Unk,,6/6/1968,248-10-4248,5014 Cannon Oval,Port Sabrinamouth,MP,IT Support Specialist,68938,Female,Black,Divorced,Needs Improvement,4
1875,Taylor,Mann,4-Jan-21,4-Mar-23,Patricia Robbins,taylor.mann@bestremotejob.com,Full-Time,Involuntary,Young finally can fact.,9/8/1968,110-02-1419,538 Schwartz Isle Suite 665,Kennethchester,NE,Web Designer,94298,Male,Other,Single,Fully Meets,3
1782,Braxton,House,13-Jan-19,2-Jul-23,Kenneth Dean,braxton.house@bestremotejob.com,Contract,Retirement,Material as already course. See our realize.,10/5/1968,993-22-8749,80259 Dixon Prairie,Lake Robertberg,AZ,Customer Service Representative,92890,Female,Other,Married,Fully Meets,3
1427,Jean,Duffy,22-Feb-19,,Barry Payne,jean.duffy@bestremotejob.com,Full-Time,Unk,,3/12/1969,443-91-8292,901 Erickson Burg,Port Christineborough,CA,Media Relations Manager,122221,Male,Asian,Divorced,Needs Improvement,3
1085,Madelyn,Lambert,27-Mar-22,,Patricia Wallace,madelyn.lambert@bestremotejob.com,Contract,Unk,,7/10/1969,851-34-2761,58473 Jenna Trail,Port Barry,GA,Office Assistant,84938,Male,Other,Divorced,Fully Meets,3
2789,Isabel,Wyatt,26-Apr-21,6-Jul-21,Matthew Craig,isabel.wyatt@bestremotejob.com,Contract,Retirement,Great parent relate growth summer.,10/8/1969,346-32-9069,79315 Michael Village Suite 510,Davidview,CO,IT Support Specialist,80302,Male,Asian,Divorced,Fully Meets,4
3261,Kaylen,Fisher,17-Jan-21,25-Jun-23,Philip Jackson,kaylen.fisher@bestremotejob.com,Part-Time,Involuntary,Cause data speech tough garden body good.,2/3/1971,985-63-6842,1911 Alvarez Shores,Jerryshire,WA,Product Specialist,117255,Male,Hispanic,Widowed,Fully Meets,4
2863,Caitlin,Palmer,8-Oct-21,,April Sutton,caitlin.palmer@bestremotejob.com,Full-Time,Unk,,5/6/1971,122-75-7987,962 Edward Green Apt. 042,Lake Maurice,TX,Project Manager,124746,Male,Other,Widowed,Needs Improvement,4
1902,Sarahi,Raymond,8-Sep-20,19-Sep-22,Samantha Hester,sarahi.raymond@bestremotejob.com,Full-Time,Retirement,Brother a billion wife watch south.,8/3/1972,170-26-9150,18917 Adams Stravenue Suite 510,Johnsonmouth,WV,Product Specialist,132319,Male,Other,Divorced,Fully Meets,3
1494,Juliana,Schroeder,13-Oct-18,4-Dec-19,Miranda Brown,juliana.schroeder@bestremotejob.com,Contract,Retirement,Thing join brother throughout.,2/6/1973,552-38-5740,456 Martin Oval Apt. 117,Zavalabury,MN,Project Manager,156202,Female,Hispanic,Divorced,Fully Meets,3
1991,Lola,Hensley,18-Jun-19,5-Jul-23,Kimberly Fox,lola.hensley@bestremotejob.com,Contract,Involuntary,Best candidate this seem soldier summer.,7/4/1973,511-65-2822,733 Barrett Isle Apt. 972,West Audreyburgh,GA,Quality Engineer,130886,Female,Other,Married,Fully Meets,3
3326,Keagan,Vaughan,14-Jan-22,,Jackson Baird,keagan.vaughan@bestremotejob.com,Contract,Unk,,9/1/1973,395-92-5726,15628 Leslie Lane,Stevenside,SD,Web Designer,91131,Male,Hispanic,Divorced,Fully Meets,3
2625,Jaron,Rojas,27-Nov-22,19-May-23,William Ellis,jaron.rojas@bestremotejob.com,Full-Time,Retirement,Situation anything economy time relationship.,1/9/1974,339-23-6193,2447 Randall Pines Apt. 681,New Henry,MD,Senior Engineer,183632,Male,Asian,Divorced,Fully Meets,2
3595,Fisher,Stafford,22-Sep-20,14-Sep-22,Nicole Delgado,fisher.stafford@bestremotejob.com,Contract,Resignation,Dark meeting play room head join truth involve.,4/8/1974,219-99-2104,821 Samuel Unions,Johnfort,PA,Senior Engineer,175588,Male,Other,Divorced,Fully Meets,1
2183,Bria,Bush,13-Dec-18,,Vickie Garrett,bria.bush@bestremotejob.com,Contract,Unk,,8/11/1974,767-48-1373,216 Hall Skyway,Brookeshire,SC,IT Support Specialist,71914,Female,White,Divorced,Exceeds,5
3052,Ean,Barajas,25-Jan-20,5-Feb-23,Ralph Delgado,ean.barajas@bestremotejob.com,Full-Time,Involuntary,Than me read environment hour goal memory.,2/12/1975,957-06-7384,22268 Spence Square,Shannonfurt,VA,Sales Representative,56050,Female,White,Single,Fully Meets,5
2910,Ronan,Burke,1-May-22,,Elizabeth Jones,ronan.burke@bestremotejob.com,Part-Time,Unk,,5/9/1975,582-54-5093,33430 Williams Pines,New Sergiofurt,MD,IT Support Specialist,77880,Female,White,Divorced,Exceeds,1
2792,Diamond,Mcclain,24-Feb-23,,Robert Nguyen,diamond.mcclain@bestremotejob.com,Part-Time,Unk,,10/8/1975,677-99-0825,94071 Miller Gardens Suite 833,Anthonytown,GU,IT Support Specialist,84061,Male,Black,Single,Fully Meets,1
3593,Brayden,Malone,30-May-20,,Ashley Bradshaw,brayden.malone@bestremotejob.com,Contract,Unk,,11/4/1975,682-72-2602,9836 Abigail Extension Apt. 313,Carolland,UT,Project Manager,150822,Male,Asian,Married,Fully Meets,1
2413,Alexus,Greer,27-Jul-22,9-Oct-22,Clayton Phillips,alexus.greer@bestremotejob.com,Full-Time,Resignation,Tree choose manager ask prove three.,2/7/1976,407-82-4334,0338 Lewis Land,Riversmouth,ND,Product Specialist,110551,Female,White,Single,Fully Meets,4
1941,Deven,Frazier,3-Feb-21,,Mackenzie Johnston,deven.frazier@bestremotejob.com,Contract,Unk,,3/8/1976,442-31-9501,143 Sharp Walk Suite 116,Crystaltown,CT,IT Support Specialist,58862,Female,Hispanic,Widowed,Fully Meets,3
2177,Landen,Figueroa,23-Dec-20,,Nicholas Robertson,landen.figueroa@bestremotejob.com,Full-Time,Unk,,5/2/1976,658-53-8954,1761 Sandoval Meadow,Hernandezhaven,ME,Web Designer,83344,Male,Asian,Single,PIP,4
2232,Jovan,Giles,16-Dec-22,,Whitney Small,jovan.giles@bestremotejob.com,Part-Time,Unk,,5/3/1976,314-90-6690,99820 Christina Skyway,North Tara,MA,IT Support Specialist,61303,Male,Hispanic,Single,Fully Meets,5
2153,Alfred,Caldwell,15-Jun-19,,Isaiah Giles,alfred.caldwell@bestremotejob.com,Contract,Unk,,1/8/1977,542-28-2127,33076 Jennifer Rapid,Scottview,SD,Senior Engineer,197010,Female,Other,Married,Exceeds,4
1552,Katie,Gutierrez,5-Jul-23,11-Jul-23,Cory Edwards,katie.gutierrez@bestremotejob.com,Part-Time,Voluntary,Loss beyond low begin end husband.,4/11/1977,390-15-4761,699 Rodriguez Greens,Jamesville,ME,Account Executive,163314,Female,Asian,Widowed,Fully Meets,3
2874,Alex,Collins,14-Feb-22,,Tracy Scott,alex.collins@bestremotejob.com,Part-Time,Unk,,6/12/1977,986-90-0769,57493 Snyder Locks Apt. 459,Vasquezmouth,VI,Account Executive,154644,Male,White,Divorced,Fully Meets,1
3574,Anna,Von Massenbach,18-May-21,4-Jan-22,Timothy Weaver,anna.von massenbach@bestremotejob.com,Contract,Involuntary,News quite number answer program.,8/1/1977,353-64-1104,070 Morris Meadow Suite 204,Tylerton,NJ,IT Support Specialist,61322,Female,Hispanic,Widowed,Fully Meets,1
2859,Rachel,Buckley,1-Feb-19,,Tracey Turner,rachel.buckley@bestremotejob.com,Full-Time,Unk,,10/6/1977,264-91-9307,812 William Roads,Lake Nicoleside,CO,Web Designer,98913,Male,Other,Divorced,Needs Improvement,2
3339,Alyson,Hickman,22-Aug-21,,Matthew Lyons,alyson.hickman@bestremotejob.com,Part-Time,Unk,,11/4/1977,960-63-5043,7380 Cathy Rapid,Westburgh,NC,Senior Engineer,198712,Male,Hispanic,Divorced,Fully Meets,5
2696,Meadow,Delgado,20-Nov-22,8-Feb-23,Chelsea Garcia,meadow.delgado@bestremotejob.com,Contract,Retirement,Top seem police tree against.,1/1/1978,969-22-8349,5934 Yates Throughway,Janetchester,PW,IT Support Specialist,80427,Male,Other,Married,Fully Meets,4
2599,Jase,Waters,27-Mar-22,14-Jun-23,Michaela Jones,jase.waters@bestremotejob.com,Contract,Voluntary,Very research level send picture pressure our.,2/2/1978,711-15-4609,7865 Wise Roads Apt. 365,Timothymouth,MI,IT Support Specialist,60152,Female,Black,Widowed,Fully Meets,2
3420,Levi,Hayden,10-Oct-20,5-Aug-22,Lynn Smith,levi.hayden@bestremotejob.com,Contract,Voluntary,Reason stock professional clear allow two town.,6/8/1978,930-71-3405,424 Obrien Fork,Ginaside,AK,Product Specialist,127944,Female,Other,Married,Fully Meets,2
2061,King,Garrison,12-Dec-18,,Natasha Dennis,king.garrison@bestremotejob.com,Full-Time,Unk,,10/12/1978,860-25-0387,5943 Kelly Drive,South Matthew,OK,Project Manager,143727,Female,Other,Married,Fully Meets,3
2050,Meadow,Atkins,11-Jan-22,16-Dec-22,Lisa Smith,meadow.atkins@bestremotejob.com,Full-Time,Retirement,Top whether good.,12/3/1978,238-85-4592,1909 Strong Club Suite 173,Victorialand,MP,Sales Representative,63394,Female,White,Widowed,Fully Meets,3
2993,Harley,Nunez,18-Mar-19,23-Nov-22,Pamela Suarez,harley.nunez@bestremotejob.com,Full-Time,Involuntary,Risk test morning lawyer.,3/1/1979,391-10-6481,118 Scott Hills Suite 575,Collinsburgh,MA,Recruiting Manager,129484,Male,White,Widowed,Fully Meets,4
3459,Saniya,Yu,18-Apr-21,21-Jun-22,Erin Bailey,saniya.yu@bestremotejob.com,Part-Time,Retirement,Science end approach democratic treatment.,5/5/1979,919-03-4500,81562 Jeffrey View,New Douglas,MD,Sales Representative,55088,Male,Black,Widowed,Exceeds,2
1949,Ashlynn,Duffy,30-Nov-19,,Kimberly Washington,ashlynn.duffy@bestremotejob.com,Contract,Unk,,6/7/1979,428-71-4413,00495 Tony Tunnel Suite 998,West Steven,PA,IT Support Specialist,73810,Female,Hispanic,Divorced,Fully Meets,3
3598,Derick,Rocha,28-Sep-18,5-Aug-23,Alex Moore,derick.rocha@bestremotejob.com,Part-Time,Resignation,Majority executive plan imagine.,2/5/1981,945-03-5878,2458 Deborah Hills,Paulachester,AK,Sales Representative,49456,Female,Other,Married,Needs Improvement,1
2206,Audrina,Williams,25-Oct-22,,Tracey Scott,audrina.williams@bestremotejob.com,Contract,Unk,,3/1/1981,416-03-8306,130 Ashley Station,Andersonmouth,AS,Budget/Accounting Analyst,115879,Female,Other,Widowed,Needs Improvement,5
2729,David,Kirk,10-Dec-18,,Kathryn Kidd DVM,david.kirk@bestremotejob.com,Part-Time,Unk,,3/4/1981,783-03-2162,42701 Phillip Tunnel,Amandaville,NE,Sales Representative,74307,Female,Hispanic,Divorced,Fully Meets,2
3419,Stanley,Reyes,14-Oct-19,,Miss Sandra Mckinney,stanley.reyes@bestremotejob.com,Contract,Unk,,7/12/1981,383-42-9318,412 Monica Passage Suite 276,Campbellborough,AZ,Warehouse Manager,123113,Female,Black,Divorced,Fully Meets,2
3245,Leonel,Tanner,7-Jun-19,30-Dec-21,Mrs. Vickie Barber,leonel.tanner@bestremotejob.com,Full-Time,Voluntary,Fly draw gun true deal sure.,11/1/1981,556-07-8619,3720 Schwartz Forest,Melissaburgh,MI,Project Manager,129816,Female,Black,Married,Fully Meets,1
2420,Carleigh,Garrison,3-Jun-20,,Emily Fritz,carleigh.garrison@bestremotejob.com,Contract,Unk,,12/9/1981,413-72-0185,7345 Larson Road Suite 100,Leblancmouth,RI,Senior Engineer,199490,Female,White,Single,Fully Meets,5
1374,Judith,Mccullough,7-Jul-19,,Stephen Myers,judith.mccullough@bestremotejob.com,Part-Time,Unk,,7/4/1982,830-24-4776,96558 Robert Crest Suite 109,Kathleenfurt,IA,Media Relations Manager,121549,Female,White,Married,Exceeds,3
3228,Adrianna,Johnston,27-May-19,18-Aug-22,Melissa Bennett,adrianna.johnston@bestremotejob.com,Full-Time,Involuntary,Eat unit push read. Weight decide prove defense.,11/1/1982,247-03-0628,014 Mary Glens,South Michael,TN,Computer Systems Analyst,145198,Male,Hispanic,Single,Fully Meets,2
1416,Edward,Love,9-Apr-20,,Brandon Oconnell,edward.love@bestremotejob.com,Part-Time,Unk,,12/1/1982,420-87-4922,1253 Monroe Rapid,North Benjaminfurt,AL,Senior Engineer,172233,Male,Asian,Widowed,Exceeds,3
1655,Chloe,Gould,18-Jul-23,,Lisa Thompson,chloe.gould@bestremotejob.com,Part-Time,Unk,,9/6/1983,875-46-4694,338 Evans Coves Suite 568,New Kenneth,MS,Sales Representative,47743,Male,Black,Married,Fully Meets,3
3393,Skyla,Santiago,25-Aug-18,,Jerry Gilbert,skyla.santiago@bestremotejob.com,Contract,Unk,,11/12/1983,605-48-4978,4711 Wilson Crest Apt. 479,Hooverborough,MO,Staff Scientist,183207,Female,Hispanic,Married,Needs Improvement,3
1606,Hillary,Clements,11-May-19,,Justin Hartman,hillary.clements@bestremotejob.com,Full-Time,Unk,,12/10/1983,969-25-9650,19205 Burke Ports Suite 746,Whitebury,OK,Web Designer,87182,Female,White,Divorced,Exceeds,3
3489,Devyn,Powers,4-Mar-22,,Jessica Murphy,devyn.powers@bestremotejob.com,Part-Time,Unk,,6/6/1984,233-55-4463,12011 Smith Creek Apt. 953,Jacobtown,OK,IT Support Specialist,77940,Female,Black,Divorced,Fully Meets,2
2974,Kayla,Peterson,4-Nov-22,,Dawn Soto,kayla.peterson@bestremotejob.com,Full-Time,Unk,,9/4/1984,193-24-9358,31649 Jason Course,North Kelliefort,OK,Project Manager,136591,Female,Black,Single,Fully Meets,5
3542,Ellie,Gill,15-Apr-23,,Amanda Knight,ellie.gill@bestremotejob.com,Contract,Unk,,11/11/1984,982-93-8404,539 Ashley Valley Suite 620,Cooleyton,KY,Graphic Designer,62531,Male,White,Married,Needs Improvement,1
2157,Ansley,Arias,15-May-20,22-Dec-21,Heather Swanson,ansley.arias@bestremotejob.com,Contract,Retirement,West run alone address week wear.,12/6/1984,978-74-3830,60255 Dodson Mills,East Victoria,ID,Sales Representative,64528,Female,Asian,Married,Exceeds,4
3438,Dheepa,Nguyen,10-Aug-18,4-Nov-19,Brian Miller,dheepa.nguyen@bestremotejob.com,Full-Time,Retirement,Alone once than. More condition pay far.,1/7/1985,764-50-7982,02809 Murray Harbors Apt. 773,West Heather,AL,Copywriter,94033,Female,Asian,Married,Fully Meets,3
2431,Elvis,Kaufman,18-Aug-22,20-Jun-23,Gregg Thomas,elvis.kaufman@bestremotejob.com,Contract,Resignation,At ago debate special can economy.,2/5/1985,808-90-9441,3974 Tristan Mall Suite 007,New Steventown,OH,Web Designer,102532,Female,Asian,Widowed,Fully Meets,4
3105,Josie,Melton,7-Jun-20,9-Jul-22,Scott Stone,josie.melton@bestremotejob.com,Full-Time,Resignation,Figure kind agent send even west.,5/9/1985,627-23-4335,04206 Tracy Mews,Shawnton,ND,Senior Engineer,185673,Male,Black,Married,Fully Meets,1
1254,Alyvia,Sellers,22-Jun-20,,Tracy Ramos,alyvia.sellers@bestremotejob.com,Contract,Unk,,7/12/1985,995-14-9267,6505 Dawn Burg,Tonyville,DE,Compensation Analyst,112962,Female,White,Married,Fully Meets,3
2207,Sam,Knight,27-Jan-21,,Juan Owens,sam.knight@bestremotejob.com,Full-Time,Unk,,10/4/1985,641-93-9564,1404 Maria Freeway,North Samuel,MP,Project Manager,120063,Female,Black,Divorced,Needs Improvement,5
2944,Annie,Galloway,10-May-19,,Ryan Johnson,annie.galloway@bestremotejob.com,Part-Time,Unk,,11/7/1986,853-41-1773,7990 Sutton Summit Apt. 991,Ronaldville,OH,Material Handler,61440,Female,Other,Widowed,Needs Improvement,1
3123,Zaiden,Leblanc,12-Jul-21,,Michael Hays,zaiden.leblanc@bestremotejob.com,Full-Time,Unk,,12/9/1986,491-55-9225,26340 Seth Greens,Port Kristie,AL,Computer Systems Analyst,140915,Male,Hispanic,Married,Fully Meets,4
1017,Julien,Whitehead,7-Sep-20,15-Dec-21,Joshua Gonzalez,julien.whitehead@bestremotejob.com,Full-Time,Involuntary,True system strong often experience.,1/3/1987,490-95-9104,8116 Stuart Loop,Port Margaretfurt,TN,IT Support Specialist,81246,Female,Black,Single,Fully Meets,3
1882,Baron,Luna,9-Nov-21,13-Jan-23,Christina Burgess,baron.luna@bestremotejob.com,Full-Time,Retirement,List try partner four tax.,7/11/1987,817-61-6198,1772 Adams Forges Suite 868,Staceyton,RI,Account Executive,135737,Female,Asian,Divorced,Fully Meets,3
3095,Frederick,Carney,19-Aug-22,,Summer Dickerson,frederick.carney@bestremotejob.com,Contract,Unk,,8/2/1987,756-45-1125,295 Kyle Freeway,Millerport,AS,Senior Engineer,172805,Female,Other,Divorced,Fully Meets,4
1537,Rayne,Simpson,16-Aug-20,,Eddie Herrera,rayne.simpson@bestremotejob.com,Contract,Unk,,6/7/1988,247-82-7585,1113 April Mountain Suite 431,Oliverhaven,NM,IT Support Specialist,81359,Male,Hispanic,Divorced,Fully Meets,3
1753,Rodolfo,Michael,20-Jun-19,14-Oct-19,Kimberly Williams,rodolfo.michael@bestremotejob.com,Contract,Resignation,Available no skill newspaper herself.,11/1/1988,292-20-7459,205 Rice Track,Mcbridestad,GU,Quality Engineer,113310,Male,Black,Divorced,Fully Meets,3
2165,Yasmine,Hughes,16-Mar-19,26-Apr-20,Tracey Cox,yasmine.hughes@bestremotejob.com,Contract,Involuntary,Line know television.,12/4/1988,425-61-1330,311 Palmer Fords Apt. 610,North Jenniferfurt,PW,Facilities Director,133778,Female,Asian,Divorced,Exceeds,3
2619,Carlo,Giles,17-Jun-20,8-Feb-22,Alexandria Brown,carlo.giles@bestremotejob.com,Contract,Involuntary,Use stay among place dinner.,1/8/1989,941-34-5410,745 Anderson Meadows,Sandovalfurt,NE,IT Support Specialist,83694,Male,Hispanic,Divorced,Fully Meets,5
1630,Nola,Moss,25-Apr-21,25-Oct-22,David Wu,nola.moss@bestremotejob.com,Contract,Involuntary,Avoid no beat from interesting.,2/1/1989,550-15-0085,61766 David Skyway Suite 232,Gonzaleschester,PR,IT Support Specialist,72763,Female,Other,Single,Fully Meets,3
3223,Alisa,Aguirre,6-Nov-22,,Jennifer Lopez,alisa.aguirre@bestremotejob.com,Full-Time,Unk,,8/9/1989,248-53-1354,90221 Andrew Branch Suite 573,Port Katie,ND,Customer Service Representative,82237,Female,Asian,Single,Fully Meets,5
3433,Latia,Costa,6-Apr-22,3-Jul-23,Jacob Braun,latia.costa@bestremotejob.com,Full-Time,Involuntary,Me see picture nature degree benefit.,9/6/1990,686-75-9083,317 Kyle Dam Apt. 278,East Daveborough,CT,Computer Systems Analyst,132066,Female,Hispanic,Divorced,Exceeds,4
3027,Alan,Woods,27-May-23,28-Jul-23,Erin George,alan.woods@bestremotejob.com,Part-Time,Voluntary,Me who grow similar realize.,2/1/1991,463-28-2794,2986 John Walk,North Sharontown,VA,Training and Development Manager,120101,Female,White,Single,Fully Meets,5
1105,Shakira,Perry,8-Oct-20,4-Dec-22,Mark Jacobs,shakira.perry@bestremotejob.com,Contract,Voluntary,Others suggest generation budget large west real.,6/10/1991,359-98-6237,24740 Gregory Stravenue Suite 212,New Luisfort,VA,Shipping Clerk,64509,Female,Hispanic,Single,Fully Meets,3
1482,Esmeralda,Galvan,11-Nov-19,,Robert Hall,esmeralda.galvan@bestremotejob.com,Contract,Unk,,10/7/1991,326-67-8961,9645 Washington Throughway,Chandlerton,AR,IT Support Specialist,70700,Female,Asian,Widowed,Exceeds,3
3120,Angelique,Hogan,5-Aug-21,2-Mar-23,Andrew Davis,angelique.hogan@bestremotejob.com,Part-Time,Resignation,Event TV few much continue success.,1/1/1992,617-39-6694,3217 Garcia Harbors,Bowenburgh,TN,Customer Service Representative,75789,Female,Asian,Widowed,Fully Meets,4
3324,Beatrice,Vance,30-Jun-19,24-Jul-22,Anna Martinez,beatrice.vance@bestremotejob.com,Part-Time,Involuntary,Teach human market real upon.,2/8/1992,729-97-0712,624 Jennifer Shoals,Garciabury,FL,Shipping Clerk,50574,Female,Black,Divorced,PIP,3
2119,Marcos,Carey,29-Mar-19,,Susan Smith,marcos.carey@bestremotejob.com,Part-Time,Unk,,4/3/1992,790-11-2491,061 Morris Views,Port Mike,KS,Senior Engineer,200247,Female,White,Married,Exceeds,5
3552,Harper,Ramos,16-Feb-20,3-Jun-20,Maria Chan,harper.ramos@bestremotejob.com,Full-Time,Retirement,Stand possible truth bank on meet daughter.,5/3/1992,477-31-4165,71398 Chan Shore Apt. 177,Bryanshire,MI,Customer Service Representative,98987,Male,White,Single,Needs Improvement,1
2244,Monica,Pham,4-Aug-22,,Jesse Archer,monica.pham@bestremotejob.com,Contract,Unk,,7/11/1992,675-24-2856,7956 Jennifer Estates Suite 712,Medinachester,IL,Senior Financial Analyst,118913,Female,Other,Married,Fully Meets,4
2545,Odin,Key,22-Dec-18,,Michael Whitehead,odin.key@bestremotejob.com,Contract,Unk,,9/2/1992,235-47-0590,000 Cole Knoll,North Meghan,PW,Training and Development Manager,131603,Male,Hispanic,Widowed,Fully Meets,4
3432,Maruk,Fraval,17-Jan-20,,Sheri Campos,maruk.fraval@bestremotejob.com,Contract,Unk,,10/7/1992,542-48-1198,8197 Melissa Stream,West Josephside,WY,Web Designer,102199,Male,Black,Married,Fully Meets,3
2870,Sanai,Sweeney,26-Jul-23,31-Jul-23,David Mccormick,sanai.sweeney@bestremotejob.com,Part-Time,Retirement,Professor anyone example never.,12/11/1992,736-58-2360,567 Wright Light Suite 073,East Scott,NM,Instructional Designer,116842,Male,Black,Married,Fully Meets,4
2151,Areli,Mitchell,20-Jan-21,27-Jun-23,Jimmy Watkins,areli.mitchell@bestremotejob.com,Contract,Involuntary,Cut mind yard third.,3/1/1993,866-95-9677,962 Callahan Trafficway,Port Abigail,CA,IT Support Specialist,59105,Female,Hispanic,Married,Exceeds,1
1516,Richard,Nelson,16-Oct-22,,Travis Smith,richard.nelson@bestremotejob.com,Contract,Unk,,8/1/1993,916-59-3331,8884 Christopher Junctions,North Tammy,GU,Senior Engineer,212750,Male,Hispanic,Widowed,Fully Meets,3
1984,Laura,Gutierrez,24-Jun-20,,Samantha Bryant,laura.gutierrez@bestremotejob.com,Full-Time,Unk,,9/6/1993,968-45-7071,363 Anita Park Suite 368,Maryville,NV,IT Support Specialist,82292,Female,Black,Single,Fully Meets,3
2950,Charlize,Rocha,14-Sep-18,4-Jan-19,James Chapman,charlize.rocha@bestremotejob.com,Part-Time,Involuntary,Past value city attorney could onto bed.,11/4/1993,367-20-4819,0102 Sabrina Mission Suite 723,North David,AK,Senior Engineer,195694,Female,White,Married,Needs Improvement,4
3361,Lilianna,Conway,29-Dec-20,23-Feb-22,Patrick Hart,lilianna.conway@bestremotejob.com,Part-Time,Voluntary,Situation election visit author five.,11/7/1993,347-45-9271,249 Moore Turnpike Suite 230,Davisland,NY,IT Support Specialist,73291,Female,Other,Single,Exceeds,3
2771,Tia,Potter,8-Jul-20,24-Sep-21,Tonya Moreno,tia.potter@bestremotejob.com,Full-Time,Retirement,Talk into between trip final.,11/10/1993,995-16-5158,156 Brian Meadow,Veronicaland,DE,Quality Engineer,134798,Male,Other,Divorced,Fully Meets,5
1459,Noe,Glenn,8-Sep-21,,Joshua Watkins,noe.glenn@bestremotejob.com,Contract,Unk,,1/2/1994,158-54-8779,7528 Anderson Locks Suite 143,North Benjamin,NC,IT Support Specialist,55236,Male,Black,Single,Exceeds,3
1629,Lucia,Peterson,6-Nov-19,22-Mar-23,Robert Crawford,lucia.peterson@bestremotejob.com,Part-Time,Voluntary,Prevent sing be member democratic.,2/2/1994,305-40-4579,9332 Kelley Mission,Donshire,PW,Web Designer,88700,Female,Hispanic,Married,Fully Meets,3
3480,Jerimiah,Harmon,8-Sep-22,16-Oct-22,Eric King,jerimiah.harmon@bestremotejob.com,Full-Time,Retirement,View vote contain within fight cup party war.,6/8/1994,416-15-8865,97021 Wallace Lodge,South Josephfurt,MP,Art Director,135797,Female,Black,Widowed,Fully Meets,1
1861,Lorelei,Glass,11-Jun-20,,Ana Harding,lorelei.glass@bestremotejob.com,Contract,Unk,,7/6/1994,421-63-3109,321 Turner Mews,North Johnland,FM,Computer Systems Analyst,133269,Male,Black,Widowed,Exceeds,3
1532,Rene,Pena,22-Nov-19,18-Feb-20,Kendra Huerta,rene.pena@bestremotejob.com,Part-Time,Retirement,Most receive serve way recent up with.,8/2/1994,975-33-1829,90800 Michael Lodge,North Michael,DC,Senior Engineer,177583,Female,Asian,Divorced,Fully Meets,3
1251,Callie,Murray,25-Sep-18,,Dennis Davis,callie.murray@bestremotejob.com,Part-Time,Unk,,8/4/1994,882-54-0764,3578 Warren Prairie Suite 287,North Ariel,NV,Computer Systems Analyst,161301,Female,Asian,Married,Fully Meets,3
1299,Tia,Atkins,24-Mar-20,,Joseph Dixon,tia.atkins@bestremotejob.com,Contract,Unk,,11/8/1994,524-25-7848,599 Mccoy Estate Apt. 522,Lake Christianshire,ME,IT Support Specialist,81411,Female,Asian,Widowed,Fully Meets,3
2008,Kaila,Johnston,15-Jul-19,13-Jan-20,Michelle Taylor,kaila.johnston@bestremotejob.com,Part-Time,Voluntary,Follow yourself child to foot.,12/10/1994,448-38-7634,828 Watkins Landing Suite 952,South Ashlee,CA,Project Manager,153404,Female,Asian,Widowed,Fully Meets,3
2189,Tyree,Mahoney,25-Jan-19,,Daniel Mullins,tyree.mahoney@bestremotejob.com,Part-Time,Unk,,1/12/1995,447-51-7989,935 Alexis Drives Suite 373,West Steven,MD,Benefits Analyst,118468,Female,White,Divorced,Needs Improvement,5
1289,Janiyah,Ballard,18-Jul-19,,Kevin Pearson,janiyah.ballard@bestremotejob.com,Full-Time,Unk,,1/5/1996,862-85-8105,5227 William Groves Apt. 165,South Andrewport,HI,Procurement Manager,133022,Female,Other,Single,Fully Meets,3
2837,Jaylen,Butler,20-Mar-21,18-Feb-23,Eric Young,jaylen.butler@bestremotejob.com,Part-Time,Involuntary,Administration field require.,4/1/1996,793-60-2525,409 Angela Club Apt. 387,North Douglasberg,NJ,Senior Engineer,202025,Male,Asian,Single,Fully Meets,4
2013,Zariah,Ritter,7-Jul-19,27-Mar-21,Crystal Johnson,zariah.ritter@bestremotejob.com,Contract,Voluntary,Maintain score scene attack face try wish.,4/2/1996,963-17-1386,272 Wise Trail Suite 983,Lake Scott,NH,Senior Quality Engineer,127654,Female,Black,Widowed,Fully Meets,3
2972,Cherly,Robinson,13-Feb-23,,Summer Figueroa,cherly.robinson@bestremotejob.com,Full-Time,Unk,,4/10/1996,807-22-0785,1565 Misty Harbors,Thompsonton,IA,Contract Analysist,126764,Female,Other,Widowed,Fully Meets,1
3462,Aliana,Nolan,13-Sep-18,17-Sep-21,Brianna Mathews,aliana.nolan@bestremotejob.com,Contract,Involuntary,Yourself book budget product.,1/10/1997,407-56-7450,3448 Lynch Circle Apt. 669,South Tyler,MI,Quality Engineer,125861,Male,Hispanic,Divorced,Needs Improvement,3
3026,Ayanna,Garrison,23-Aug-22,,Deborah Lopez,ayanna.garrison@bestremotejob.com,Contract,Unk,,2/1/1997,607-11-3921,6808 Tara Mountain,East Laura,MN,Senior Sales Associate,81051,Female,Asian,Divorced,Fully Meets,2
2994,Sammy,Walter,18-Feb-22,,Tiffany Smith,sammy.walter@bestremotejob.com,Part-Time,Unk,,5/7/1997,147-30-9105,124 Hansen Village Suite 209,New Patrickchester,ME,Community Manager,83737,Male,Other,Married,Fully Meets,4
2010,Araceli,Mcguire,4-Feb-23,24-Jun-23,Eric Vincent,araceli.mcguire@bestremotejob.com,Part-Time,Resignation,Food shake indicate cost happen up president.,9/9/1997,963-61-1904,28037 Thomas Points,Johnmouth,OH,IT Support Specialist,58159,Female,Hispanic,Married,Fully Meets,3
1473,Ruben,Kirby,25-Sep-20,,Teresa Wood,ruben.kirby@bestremotejob.com,Contract,Unk,,12/11/1997,526-84-1360,4322 Joseph Ports Apt. 157,South Johnburgh,IN,Web Designer,109598,Female,Black,Divorced,Exceeds,3
3030,Kadin,Mcdowell,5-Jul-22,3-Jan-23,Kevin Davis,kadin.mcdowell@bestremotejob.com,Full-Time,Voluntary,Left she before though finally.,1/11/1998,563-60-3785,14178 Brandon Junction Apt. 564,West Melinda,IL,Account Executive,139922,Female,White,Single,Fully Meets,1
1139,Cale,Bender,10-Aug-18,21-Feb-22,Victoria Campbell,cale.bender@bestremotejob.com,Contract,Involuntary,Most could result else think this window.,4/4/1998,455-35-8804,375 Flowers Well,Amandashire,PW,Accounts Payable,45631,Male,Hispanic,Married,Fully Meets,3
2312,Maximilian,Carney,26-Nov-19,,Samantha Barnett,maximilian.carney@bestremotejob.com,Full-Time,Unk,,4/7/1998,868-03-9774,6948 Timothy Manors,Williamshaven,ME,Project Manager,157599,Male,Asian,Widowed,Fully Meets,4
2539,Casey,Bradford,19-Mar-19,,Michael Johnson,casey.bradford@bestremotejob.com,Part-Time,Unk,,6/4/1998,303-46-9400,72765 Seth Mountains Apt. 593,Lake Andrea,IN,Product Specialist,132690,Male,Black,Married,Fully Meets,2
2800,Nayeli,Keith,2-Aug-19,,Kathryn Wolf,nayeli.keith@bestremotejob.com,Contract,Unk,,6/9/1998,248-83-6478,997 Jones Inlet,New Kendra,UT,IT Support Specialist,60616,Male,Black,Married,Fully Meets,1
2606,Aspen,Freeman,23-Oct-20,,Mary Mitchell,aspen.freeman@bestremotejob.com,Full-Time,Unk,,8/6/1998,385-57-1479,335 Zimmerman Drive Apt. 900,Larsonhaven,NY,Quality Control Specialist,152449,Male,White,Single,Fully Meets,2
2804,Salma,Frederick,10-Mar-19,,Scott Brady,salma.frederick@bestremotejob.com,Part-Time,Unk,,1/10/1999,238-54-9725,93295 Madison Fords,Lake Janice,OK,Customer Service Representative,88732,Male,Hispanic,Married,Fully Meets,4
3100,Carsen,Schmidt,25-Oct-20,28-Dec-21,Kevin Davis,carsen.schmidt@bestremotejob.com,Contract,Retirement,Production senior put.,2/2/2000,419-00-0220,76697 Larry Spur Suite 271,Lake Kimberly,MN,IT Support Specialist,55518,Female,White,Single,Fully Meets,5
3264,Alani,Phillips,31-Dec-21,10-May-23,Jim Melton,alani.phillips@bestremotejob.com,Part-Time,Involuntary,Attorney control write American.,3/6/2001,504-75-3571,45020 Albert Shore,East Stephanie,MA,Customer Service Representative,87507,Male,Asian,Married,Fully Meets,5
3600,Marely,Dixon,1-Nov-22,,Bobby Serrano,marely.dixon@bestremotejob.com,Contract,Unk,,4/5/2001,455-98-8816,7267 Tran Pike Apt. 921,South Justinside,WI,Safety Technician,96889,Female,White,Single,Fully Meets,2
3440,Xana,Potts,5-Dec-19,17-Feb-23,Gregory Walker,xana.potts@bestremotejob.com,Contract,Resignation,Degree wish science when thing week old.,5/4/2001,269-60-1217,372 Hendrix Stream,West Robinchester,NJ,Web Designer,86269,Female,White,Divorced,Fully Meets,3
2734,Maxim,Mooney,2-Dec-20,,Alicia Mitchell,maxim.mooney@bestremotejob.com,Contract,Unk,,11/4/2001,950-25-9613,2409 Sara Loop,New Joshua,NM,Project Manager,142797,Female,Black,Married,Fully Meets,4
,,,,,,,,,,,,,,,IT Support Specialist,73676,,,,,